{
  "summary": {
    "report_info": {
      "report_date": "2025-03-13",
      "subject_name": "王刚",
      "id_number": "610422********0013",
      "query_reason": "个人信用报告",
      "report_number": "202503786289"
    },
    "personal_info": {
      "gender": "男",
      "birth_date": "1974-04-12",
      "marital_status": "已婚",
      "education": "未知",
      "residence_address": "未知"
    },
    "credit_overview": {
      "credit_score": 470,
      "credit_level": "C级（很差）",
      "total_accounts": 11,
      "total_credit_limit": 942100,
      "total_balance": 723617,
      "credit_card_limit": 37000,
      "loan_total_amount": 905100,
      "score_breakdown": {
        "base_score": 600,
        "payment_history_score": -150,
        "utilization_score": -60,
        "history_length_score": 50,
        "account_mix_score": 30,
        "inquiry_score": 0,
        "final_score": 470
      }
    }
  },
  "account_details": {
    "credit_cards": [
      {
        "institution": "中国建设银行股份有限公司咸阳分行",
        "account_number": "********3792",
        "account_status": "未结清/已使用",
        "open_date": "2017-03-23",
        "credit_limit": 25000,
        "used_amount": 25153,
        "current_balance": 25153,
        "last_payment_date": "2025-02",
        "payment_status": "正常（存在超额使用）"
      },
      {
        "institution": "中国工商银行股份有限公司陕西省分行西安分行",
        "account_number": "********4371",
        "account_status": "未结清/已使用",
        "open_date": "2022-12-30",
        "credit_limit": 0,
        "used_amount": 36108,
        "current_balance": 36108,
        "last_payment_date": "2025-02",
        "payment_status": "正常（准贷记卡）"
      },
      {
        "institution": "中信银行股份有限公司信用卡中心",
        "account_number": "未知",
        "account_status": "未结清/已使用",
        "open_date": "2023-08-18",
        "credit_limit": 12000,
        "used_amount": 77618,
        "current_balance": 77618,
        "last_payment_date": "2025-02",
        "payment_status": "正常（存在超额使用）"
      },
      {
        "institution": "长安银行股份有限公司",
        "account_number": "未知",
        "account_status": "已销户",
        "open_date": "2021-06-22",
        "credit_limit": 0,
        "used_amount": 0,
        "current_balance": 0,
        "last_payment_date": "2024-10",
        "payment_status": "已销户"
      },
      {
        "institution": "上海浦东发展银行股份有限公司信用卡中心",
        "account_number": "未知",
        "account_status": "尚未激活",
        "open_date": "2024-07-02",
        "credit_limit": 0,
        "used_amount": 0,
        "current_balance": 0,
        "last_payment_date": "2025-02",
        "payment_status": "尚未激活"
      }
    ],
    "loans": [
      {
        "institution": "中国工商银行股份有限公司咸阳分行",
        "loan_type": "个人住房商业贷款",
        "account_number": "未知",
        "loan_amount": 270000,
        "remaining_balance": 108925,
        "monthly_payment": "未知",
        "loan_term": "未知",
        "interest_rate": "未知",
        "start_date": "2015-01-05",
        "payment_status": "正常"
      },
      {
        "institution": "中信银行股份有限公司西安明德门支行",
        "loan_type": "其他个人消费贷款",
        "account_number": "未知",
        "loan_amount": 184300,
        "remaining_balance": 122867,
        "monthly_payment": "未知",
        "loan_term": "未知",
        "interest_rate": "未知",
        "start_date": "2023-08-24",
        "payment_status": "正常"
      },
      {
        "institution": "兴业消费金融股份公司",
        "loan_type": "其他个人消费贷款",
        "account_number": "未知",
        "loan_amount": 70000,
        "remaining_balance": 52946,
        "monthly_payment": "未知",
        "loan_term": "未知",
        "interest_rate": "未知",
        "start_date": "2024-07-05",
        "payment_status": "正常"
      },
      {
        "institution": "中国工商银行股份有限公司陕西省分行西安分行",
        "loan_type": "其他个人消费贷款",
        "account_number": "未知",
        "loan_amount": 150000,
        "remaining_balance": 150000,
        "monthly_payment": "未知",
        "loan_term": "未知",
        "interest_rate": "未知",
        "start_date": "2024-07-24",
        "payment_status": "正常"
      },
      {
        "institution": "中国工商银行股份有限公司陕西省分行西安分行",
        "loan_type": "其他个人消费贷款",
        "account_number": "未知",
        "loan_amount": 150000,
        "remaining_balance": 150000,
        "monthly_payment": "未知",
        "loan_term": "未知",
        "interest_rate": "未知",
        "start_date": "2024-07-24",
        "payment_status": "正常"
      },
      {
        "institution": "四川新网银行股份有限公司",
        "loan_type": "其他个人消费贷款 (循环授信)",
        "account_number": "未知",
        "loan_amount": 50800,
        "remaining_balance": 0,
        "monthly_payment": "未知",
        "loan_term": "未知",
        "interest_rate": "未知",
        "start_date": "2022-07-03",
        "payment_status": "正常"
      },
      {
        "institution": "长安银行股份有限公司",
        "loan_type": "其他个人消费贷款 (循环授信)",
        "account_number": "未知",
        "loan_amount": 30000,
        "remaining_balance": 0,
        "monthly_payment": "未知",
        "loan_term": "未知",
        "interest_rate": "未知",
        "start_date": "2022-08-14",
        "payment_status": "正常"
      }
    ]
  },
  "payment_history": {
    "overdue_records": [],
    "payment_statistics": {
      "total_overdue_count": "信息概要显示信用卡有4个账户曾逾期，其中1个逾期超过90天。详细贷款记录显示所有贷款账户从未逾期。",
      "max_overdue_days": "1个信用卡账户逾期超过90天",
      "recent_overdue_count": "未知",
      "on_time_payment_rate": "无法精确计算，但贷款账户表现良好，信用卡账户有严重逾期历史"
    }
  },
  "query_records": {
    "recent_queries": [
      {
        "query_date": "2025-03-12",
        "query_institution": "重庆蚂蚁消费金融有限公司",
        "query_reason": "贷后管理"
      },
      {
        "query_date": "2025-03-04",
        "query_institution": "本人",
        "query_reason": "本人查询(自助查询机)"
      },
      {
        "query_date": "2025-03-04",
        "query_institution": "南银法巴消费金融有限公司",
        "query_reason": "贷后管理"
      },
      {
        "query_date": "2025-02-24",
        "query_institution": "陕西秦农农村商业银行股份有限公司",
        "query_reason": "贷款审批"
      },
      {
        "query_date": "2025-02-24",
        "query_institution": "上海浦东发展银行股份有限公司",
        "query_reason": "贷款审批"
      },
      {
        "query_date": "2025-02-13",
        "query_institution": "浙商银行股份有限公司",
        "query_reason": "贷款审批"
      },
      {
        "query_date": "2025-02-12",
        "query_institution": "中信银行股份有限公司",
        "query_reason": "贷后管理"
      },
      {
        "query_date": "2025-01-17",
        "query_institution": "宁夏银行股份有限公司",
        "query_reason": "贷款审批"
      },
      {
        "query_date": "2025-01-13",
        "query_institution": "中国农业银行股份有限公司西安分行",
        "query_reason": "贷款审批"
      },
      {
        "query_date": "2025-01-13",
        "query_institution": "交通银行股份有限公司陕西省分行",
        "query_reason": "贷款审批"
      },
      {
        "query_date": "2025-01-07",
        "query_institution": "上海浦东发展银行股份有限公司",
        "query_reason": "贷款审批"
      },
      {
        "query_date": "2025-01-06",
        "query_institution": "本人",
        "query_reason": "本人查询(自助查询机)"
      },
      {
        "query_date": "2025-01-01",
        "query_institution": "陕西秦农农村商业银行股份有限公司",
        "query_reason": "贷后管理"
      },
      {
        "query_date": "2024-12-25",
        "query_institution": "中信银行股份有限公司信用卡中心",
        "query_reason": "贷后管理"
      },
      {
        "query_date": "2024-12-02",
        "query_institution": "南银法巴消费金融有限公司",
        "query_reason": "贷后管理"
      },
      {
        "query_date": "2024-11-16",
        "query_institution": "中国建设银行股份有限公司咸阳分行",
        "query_reason": "贷后管理"
      },
      {
        "query_date": "2024-11-14",
        "query_institution": "中信银行股份有限公司",
        "query_reason": "贷后管理"
      },
      {
        "query_date": "2024-10-15",
        "query_institution": "中国建设银行股份有限公司咸阳分行",
        "query_reason": "贷后管理"
      },
      {
        "query_date": "2024-09-25",
        "query_institution": "中信银行股份有限公司信用卡中心",
        "query_reason": "贷后管理"
      },
      {
        "query_date": "2024-09-17",
        "query_institution": "中国建设银行股份有限公司咸阳分行",
        "query_reason": "贷后管理"
      }
    ],
    "query_statistics": {
      "total_queries_6m": 21,
      "total_queries_12m": 53,
      "hard_inquiry_count": 19
    }
  },
  "risk_assessment": {
    "overall_risk_level": "高",
    "risk_score": 90,
    "risk_factors": [
      {
        "factor": "严重逾期历史",
        "severity": "高",
        "description": "报告显示至少有1个信用卡账户逾期超过90天，这是信用记录中的严重负面信息。"
      },
      {
        "factor": "信用卡使用率过高",
        "severity": "高",
        "description": "信用卡总授信额度37000元，但已用额度高达138879元，平均使用率达375%，表明严重依赖信用卡，透支或过度分期。"
      },
      {
        "factor": "频繁的硬查询",
        "severity": "中",
        "description": "近12个月内有19次硬查询（贷款/信用卡审批），近6个月内有6次硬查询，这通常是急于获取新信贷的信号，可能表明财务压力。"
      },
      {
        "factor": "多账户曾逾期",
        "severity": "中",
        "description": "虽然详细贷款记录显示从未逾期，但信息概要显示有4个信用卡账户曾发生逾期，表明过往信用管理存在不足。"
      }
    ],
    "positive_factors": [
      {
        "factor": "较长的信用历史",
        "impact": "高",
        "description": "信用历史长度约10年2个月，表明有较长时间的信用活动，为信用评估提供了基础数据。"
      },
      {
        "factor": "良好贷款还款记录",
        "impact": "高",
        "description": "所有7笔活跃贷款账户均显示从未逾期，表明在分期贷款方面有良好的还款习惯。"
      },
      {
        "factor": "账户类型多样性",
        "impact": "中",
        "description": "包含信用卡、住房贷款和多种消费贷款，信用产品种类丰富。"
      }
    ],
    "recommendations": [
      {
        "category": "债务管理",
        "suggestion": "立即制定详细的还款计划，优先偿还信用卡债务，尤其是超额使用的部分。考虑债务重组或与银行协商分期还款方案，以降低每月还款压力。",
        "priority": "最高"
      },
      {
        "category": "信用行为",
        "suggestion": "在未来至少6-12个月内避免申请任何新的信用卡或贷款，以减少硬查询次数，并向征信机构展示财务稳定性。",
        "priority": "高"
      },
      {
        "category": "预算规划",
        "suggestion": "严格控制日常开支，制定详细预算，确保每月有足够资金按时足额还款，并逐步偿还现有债务。",
        "priority": "高"
      },
      {
        "category": "信用监测",
        "suggestion": "定期查询个人信用报告，监控账户状态和还款记录，确保信息准确性，并及时发现潜在问题。",
        "priority": "中"
      }
    ]
  },
  "trend_analysis": {
    "credit_utilization_trend": "信用卡使用率极高，且有超额使用情况，存在恶化趋势，表明个人财务状况可能面临较大压力。",
    "payment_behavior_trend": "还款行为呈两极分化，贷款账户保持良好，但信用卡账户曾有严重逾期记录，且目前存在超额使用，需警惕信用卡还款风险。",
    "account_growth_trend": "近年来新增较多消费贷款账户，表明个人信贷需求增长较快，需关注过度负债风险。"
  }
}