{
  "report_date": "2025-03-13",
  "subject_name": "王刚",
  "id_number": "610422******0013",
  "query_reason": "自我查询",
  "credit_score": 350,
  "credit_level": "C级",
  "summary": {
    "credit_overview": {
      "total_accounts": 16,
      "total_credit_limit": 1246108,
      "used_amount": 959561
    },
    "score_breakdown": {
      "base_score": 600,
      "payment_history_score": -200,
      "utilization_score": -50,
      "inquiry_score": -50,
      "account_count_score": 50,
      "final_score": 350
    },
    "credit_cards": {
      "total_cards": 5,
      "total_limit": 93108,
      "used_amount": 138879,
      "utilization_rate": 1.4916
    },
    "loans": {
      "total_loans": 11,
      "total_amount": 1153000,
      "remaining_balance": 820682
    },
    "overdue_summary": {
      "current_overdue": 15,
      "max_overdue_days": "90天以上",
      "overdue_amount": "未披露"
    },
    "payment_behavior": {
      "on_time_rate": "低，有多笔逾期记录",
      "recent_queries": 8,
      "query_institutions": [
        "Chongqing Ant CF",
        "CITIC Bank",
        "Nanvin Farber",
        "Shaanxi Qinong Bank",
        "SPDB",
        "Zheshang Bank",
        "Ningxia Bank",
        "ABC Xi'an"
      ]
    }
  },
  "risk_assessment": {
    "risk_level": "高",
    "risk_factors": [
      "Extensive history of severe delinquencies (multiple accounts, including 90+ days overdue).",
      "High credit utilization (overall 77%, credit cards 149%).",
      "Multiple accounts significantly over-limit.",
      "High number of recent hard inquiries."
    ],
    "positive_factors": [
      "Diverse credit portfolio (mortgage, consumer loans, credit cards).",
      "Long credit history (e.g., mortgage from 2015).",
      "Revolving accounts L6, L7, L11 have 0 balance."
    ],
    "recommendations": [
      "Prioritize paying off overdue balances immediately.",
      "Reduce credit card and loan balances, especially those over-limit.",
      "Avoid applying for new credit in the near future to reduce inquiry count.",
      "Consolidate debts if possible to manage repayments more effectively.",
      "Regularly monitor credit report for accuracy."
    ]
  },
  "detailed_accounts": [
    {
      "account_type": "Credit Card",
      "institution": "CCB",
      "status": "Active",
      "limit": 25000,
      "balance": 25153,
      "overdue_info": "根据报告概要，该账户存在严重逾期记录。"
    },
    {
      "account_type": "Credit Card",
      "institution": "ICBC",
      "status": "Active",
      "limit": 0,
      "balance": 36108,
      "overdue_info": "根据报告概要，该账户存在严重逾期记录。"
    },
    {
      "account_type": "Credit Card",
      "institution": "CITIC",
      "status": "Active",
      "limit": 12000,
      "balance": 77618,
      "overdue_info": "根据报告概要，该账户存在严重逾期记录。"
    },
    {
      "account_type": "Credit Card",
      "institution": "SPDB",
      "status": "Not Activated",
      "limit": 20000,
      "balance": 0,
      "overdue_info": "根据报告概要，该账户存在严重逾期记录。"
    },
    {
      "account_type": "Loan",
      "institution": "ICBC (Housing)",
      "status": "Active",
      "original_amount": 270000,
      "remaining_balance": 108925,
      "overdue_info": "根据报告概要，该账户存在严重逾期记录。"
    },
    {
      "account_type": "Loan",
      "institution": "CITIC (Consumer)",
      "status": "Active",
      "original_amount": 184300,
      "remaining_balance": 122867,
      "overdue_info": "根据报告概要，该账户存在严重逾期记录。"
    },
    {
      "account_type": "Loan",
      "institution": "Hingye CF (Consumer)",
      "status": "Active",
      "original_amount": 70000,
      "remaining_balance": 52946,
      "overdue_info": "根据报告概要，该账户存在严重逾期记录。"
    },
    {
      "account_type": "Loan",
      "institution": "ICBC (Consumer)",
      "status": "Active",
      "original_amount": 150000,
      "remaining_balance": 150000,
      "overdue_info": "根据报告概要，该账户存在严重逾期记录。"
    },
    {
      "account_type": "Loan",
      "institution": "ICBC (Consumer)",
      "status": "Active",
      "original_amount": 150000,
      "remaining_balance": 150000,
      "overdue_info": "根据报告概要，该账户存在严重逾期记录。"
    },
    {
      "account_type": "Loan",
      "institution": "XW Bank (Revolving)",
      "status": "Active",
      "limit": 50800,
      "balance": 0,
      "overdue_info": "根据报告概要，该账户存在严重逾期记录。"
    },
    {
      "account_type": "Loan",
      "institution": "Chang'an Bank (Revolving)",
      "status": "Active",
      "limit": 30000,
      "balance": 0,
      "overdue_info": "根据报告概要，该账户存在严重逾期记录。"
    },
    {
      "account_type": "Loan",
      "institution": "CCB (Revolving)",
      "status": "Active",
      "limit": 97800,
      "balance": 97800,
      "overdue_info": "根据报告概要，该账户存在严重逾期记录。"
    },
    {
      "account_type": "Loan",
      "institution": "Qinong Bank (Revolving)",
      "status": "Active",
      "limit": 80000,
      "balance": 80000,
      "overdue_info": "根据报告概要，该账户存在严重逾期记录。"
    },
    {
      "account_type": "Loan",
      "institution": "Nanvin Farber (Revolving)",
      "status": "Active",
      "limit": 70000,
      "balance": 58144,
      "overdue_info": "根据报告概要，该账户存在严重逾期记录。"
    },
    {
      "account_type": "Loan",
      "institution": "Ant CF (Revolving)",
      "status": "Active",
      "limit": 100,
      "balance": 0,
      "overdue_info": "根据报告概要，该账户存在严重逾期记录。"
    }
  ]
}