{
  "summary": {
    "report_info": {
      "report_date": "2025-03-13",
      "subject_name": "王刚",
      "id_number": "610422******0013",
      "query_reason": "本人查询 (Self-query), 兼有金融机构贷后管理及贷款审批查询"
    },
    "credit_overview": {
      "credit_score": 350,
      "credit_level": "C级",
      "total_accounts": 10,
      "total_credit_limit": 942100.0,
      "score_breakdown": {
        "base_score": 600,
        "payment_history_score": -150,
        "utilization_score": -50,
        "inquiry_score": -50,
        "final_score": 350
      }
    }
  },
  "account_summary": {
    "credit_cards": {
      "total_cards": 5,
      "total_limit": 37000.0,
      "used_amount": 138879.0,
      "utilization_rate": 3.75
    },
    "loans": {
      "total_loans": 7,
      "total_amount": 824300.0,
      "remaining_balance": 584738.0
    }
  },
  "payment_history": {
    "overdue_summary": {
      "current_overdue": 0,
      "max_overdue_days": "90+",
      "overdue_amount": "未提及 (但历史存在逾期)"
    },
    "payment_behavior": {
      "on_time_rate": "历史存在逾期，精准比率不明",
      "recent_queries": 23,
      "query_institutions": [
        "重庆蚂蚁消费金融有限公司",
        "南银法巴消费金融有限公司",
        "陕西秦农农村商业银行股份有限公司",
        "上海浦东发展银行股份有限公司",
        "中信银行股份有限公司",
        "中国建设银行股份有限公司",
        "中国工商银行股份有限公司",
        "长安银行股份有限公司",
        "招联消费金融股份有限公司",
        "四川新网银行股份有限公司",
        "浙江网商银行股份有限公司",
        "兴业消费金融股份公司",
        "深圳前海微众银行股份有限公司",
        "中国农业银行股份有限公司",
        "交通银行股份有限公司",
        "中邮消费金融有限公司",
        "宁夏银行股份有限公司",
        "重庆美团三快小额贷款有限公司",
        "中国大地财产保险股份有限公司",
        "深圳市大数融资担保有限公司",
        "平安银行股份有限公司"
      ]
    }
  },
  "risk_assessment": {
    "risk_level": "高",
    "risk_factors": [
      "历史存在90天以上严重逾期记录 (1笔)",
      "多张信用卡严重超额使用 (使用率高达375%)",
      "信用卡额度较低，但已使用金额远超授信额度",
      "存在一张授信额度为0但余额较高的信用卡账户，情况异常",
      "近期（近12个月内）查询次数极高 (89次)，表明频繁申请新信用",
      "活跃贷款账户数量较多 (7笔)"
    ],
    "positive_factors": [
      "目前报表中列明的活跃账户无当前逾期记录 (根据详细描述)",
      "拥有长期稳定的住房贷款"
    ],
    "recommendations": [
      "立即处理信用卡超额使用问题，将余额降低至授信额度以内",
      "在短期内避免新的信用申请，以降低查询次数和负面影响",
      "制定详细的还款计划，确保所有债务按时足额偿还",
      "考虑债务整合以减轻还款压力，优化负债结构",
      "加强个人财务管理和预算，避免过度消费和负债"
    ]
  },
  "detailed_accounts": [
    {
      "account_type": "信用卡",
      "institution": "中国建设银行股份有限公司咸阳分行",
      "account_status": "未结清",
      "credit_limit": 25000.0,
      "balance": 25153.0,
      "overdue_info": "无（根据详细记录），但总览显示历史存在逾期"
    },
    {
      "account_type": "信用卡",
      "institution": "中国工商银行股份有限公司陕西省分行西安分行",
      "account_status": "未结清",
      "credit_limit": 0.0,
      "balance": 36108.0,
      "overdue_info": "无（根据详细记录），但总览显示历史存在逾期"
    },
    {
      "account_type": "信用卡",
      "institution": "中信银行股份有限公司信用卡中心",
      "account_status": "未结清",
      "credit_limit": 12000.0,
      "balance": 77618.0,
      "overdue_info": "无（根据详细记录），但总览显示历史存在逾期"
    },
    {
      "account_type": "信用卡",
      "institution": "长安银行股份有限公司",
      "account_status": "已销户",
      "credit_limit": null,
      "balance": 0.0,
      "overdue_info": "无"
    },
    {
      "account_type": "信用卡",
      "institution": "上海浦东发展银行股份有限公司信用卡中心",
      "account_status": "尚未激活",
      "credit_limit": null,
      "balance": 0.0,
      "overdue_info": "无"
    },
    {
      "account_type": "贷款",
      "institution": "中国工商银行股份有限公司咸阳分行",
      "account_status": "未结清",
      "credit_limit": 270000.0,
      "balance": 108925.0,
      "overdue_info": "无（根据详细记录），但总览显示历史存在逾期"
    },
    {
      "account_type": "贷款",
      "institution": "中信银行股份有限公司西安明德门支行",
      "account_status": "未结清",
      "credit_limit": 184300.0,
      "balance": 122867.0,
      "overdue_info": "无（根据详细记录），但总览显示历史存在逾期"
    },
    {
      "account_type": "贷款",
      "institution": "兴业消费金融股份公司",
      "account_status": "未结清",
      "credit_limit": 70000.0,
      "balance": 52946.0,
      "overdue_info": "无（根据详细记录），但总览显示历史存在逾期"
    },
    {
      "account_type": "贷款",
      "institution": "中国工商银行股份有限公司陕西省分行西安分行",
      "account_status": "未结清",
      "credit_limit": 150000.0,
      "balance": 150000.0,
      "overdue_info": "无（根据详细记录），但总览显示历史存在逾期"
    },
    {
      "account_type": "贷款",
      "institution": "中国工商银行股份有限公司陕西省分行西安分行",
      "account_status": "未结清",
      "credit_limit": 150000.0,
      "balance": 150000.0,
      "overdue_info": "无（根据详细记录），但总览显示历史存在逾期"
    },
    {
      "account_type": "贷款 (循环额度)",
      "institution": "四川新网银行股份有限公司",
      "account_status": "未结清",
      "credit_limit": 50800.0,
      "balance": 0.0,
      "overdue_info": "无（根据详细记录），但总览显示历史存在逾期"
    },
    {
      "account_type": "贷款 (循环额度)",
      "institution": "长安银行股份有限公司",
      "account_status": "未结清",
      "credit_limit": 30000.0,
      "balance": 0.0,
      "overdue_info": "无（根据详细记录），但总览显示历史存在逾期"
    }
  ]
}